"","carto_id","h2o_indoorallsources_KGAL","energy_star_score","property_gfa_self_reported_SF","property_id","department","property_name","ghg_emissions_indirect_MTCO2e","ghg_emissions_direct_MTCO2e","total_ghg_emissions_intensity_KGCO2eSF","total_ghg_emissions_MTCO2e","h2o_allsources_KGAL","weather_norm_source_eui_KBTUSF","weather_norm_site_eui_KBTUSF","source_eui_KBTUSF","site_eui_KBTUSF","total_site_energy_KBTU","log_total_site_energy_KBTU"
"1",127,0,0,6401,3935383,"Libraries:","Libraries: 51/018 Malabar Library",24.5,0.2,4.1,24.7,287.8,146,47,148.3,47.7,305327.7,12.62914091
"2",1,0,0,491023,3935250,"Police","Police Department: 9/63   Police Administration Building  PAB",2423.4,863.9,6.7,3287.3,6808.8,211.6,89.7,213.4,90,44192070,17.60405592
"3",4,0,85,417170,3935253,"Public","Public Works: Transamerica Public works 1/88",1625.3,0,3.9,1625.3,0,0,0,141,44.9,18730933,16.74568689
"4",8,0,0,57723,3935259,"Police","Police Department: 9/83     911 Valley Communication Dispatch",791.6,6.5,14.5,798.2,486.3,514.3,165.3,523.2,168.1,9703236.3,16.08797003
"5",10,0,0,50635,3935261,"Police","Police Department: 9/20  Central Facilities Building",997.3,131.4,22.3,1128.7,2185.3,770,281.5,764.1,275.9,13970196.5,16.4524368
"6",12,0,0,166221,3935263,"Police","Police Department: 9/5  EOC Emergency Operations Center",1317.2,63,11,1380.2,457.5,384.7,129,390.8,130.8,21741706.8,16.89474295
"7",13,0,0,538802,3935264,"Libraries:","Libraries: 51/100 Central Library",1866.3,443.8,4.6,2310.2,9067.7,149.2,58.6,151.2,59.2,31897078.4,17.27802498
"8",14,0,0,69146,3935265,"Police","Police Department: 9/1  Van Nuys Police",932.9,400.3,19.3,1333.2,3714.5,0,0,602.7,264.5,18289117,16.72181674
"9",16,0,0,177450,3935267,"Police","Police Department: 9/7      77th Street Police",1002.4,312.2,7.4,1314.7,6959.9,233.2,96.3,239.2,98.2,17425590,16.67345037
"10",17,0,0,9400,3935268,"Fire","Fire Department: 5/95  Fire Station #95",31.9,11.2,4.6,43.1,0,0,0,146.5,61.6,579040,13.26912684
"11",18,0,0,7500,3935269,"Fire","Fire Department: 5/36  Fire Station #36",29.1,6.8,4.8,35.9,349.3,154.4,60.5,158.2,61.7,462750,13.04494223
"12",19,0,0,24260,3935270,"Fire","Fire Department: 5/87  Fire Station #87",97.9,18.6,7.6,116.5,552.9,246.4,94.6,256.4,96.9,2350794,14.6702637
"13",20,0,0,8853,3935271,"Fire","Fire Department: 5/51  Fire Station #51",38.8,0,4.4,38.8,0,0,0,158.6,50.5,447076.5,13.010485
"14",21,0,0,9700,3935272,"Fire","Fire Department: 5/92  Fire Station #92",35,0,3.8,35,277.2,132.1,42.1,137.4,43.8,424860,12.95951498
"15",22,0,0,11178,3935273,"Fire","Fire Department: 5/3  Fire Station #3",49.3,16.9,5.9,66.2,452.7,188.2,80.7,189.5,79.3,886415.4,13.69494097
"16",23,0,0,8010,3935275,"Fire","Fire Department: 5/64  Fire Station #64",91.2,20.4,13.9,111.6,733.3,440.5,174.3,462.5,179.2,1435392,14.17694854
"17",24,0,0,11625,3935276,"Fire","Fire Department: 5/28  Fire Station #28",29.3,11.4,4.9,40.7,368.5,155.4,70.9,155.5,66.7,775387.5,13.56111818
"18",25,0,0,11051,3935277,"Fire","Fire Department: 5/37  Fire Station #37",30.3,23.8,5.4,54.1,531.2,153.8,86,157.7,80.2,886290.2,13.69479972
"19",26,0,0,13790,3935278,"Fire","Fire Department: 5/62  Fire Station #62",51,9.3,4.4,60.3,592.6,147.6,55.7,147.2,55.3,762587,13.54447188
"20",27,0,0,5050,3935279,"Fire","Fire Department: 5/108 Fire Station #108",18.4,6.6,5,25,590.8,163.8,72.3,157.8,66.6,336330,12.7258481
"21",5,0,6,526680,3935254,"Municipal","Municipal: 1/14  City Hall East",5576.7,1080.3,12.6,6656.9,7106.2,426.6,163.4,423.7,160.6,84584808,18.25326523
"22",6,0,25,823272,3935256,"Municipal","Municipal: 1/2   Los Angeles City Hall",2726.3,1688.6,10.1,4414.9,9645.3,303.7,148.7,302.9,145,119374440,18.59777567
"23",7,0,17,139936,3935257,"Municipal","Municipal: 1/43  Fig Plaza",1281.9,42.4,9.5,1324.3,2725.9,0,0,337.5,111.3,15574876.8,16.56116971
"24",15,0,0,1300000,3935266,"Municipal","Municipal: 1/18  Piper Tech",2499.1,602.7,4,3101.8,5722.7,0,0,132.4,51.9,67470000,18.02719361
"25",28,0,0,10968,3935280,"Fire","Fire Department: 5/98  Fire Station #98",37.5,15.5,4.8,53,629,145.1,66,151.8,66.1,724984.8,13.49390597
"26",29,0,0,10454,3935281,"Fire","Fire Department: Fire Station #85",36,10.9,4.5,46.9,448.2,147,61.1,145.1,59.3,619922.2,13.33734927
"27",30,0,0,21595,3935282,"Fire","Fire Department: 5/27  Fire Station #27",51.3,0,2.4,51.3,449.8,84.2,26.8,85.9,27.4,591703,13.2907601
"28",31,0,0,16244,3935283,"Fire","Fire Department: 5/10  Fire Station #10",39.1,13.3,3.8,52.4,413,119.4,51.2,122.4,51.2,831692.8,13.63121842
"29",32,0,0,69357,3935284,"Fire","Fire Department: 5/401  Fire Station #401 Shops and Stores",389.1,73.9,6.7,463,288,221.5,83.9,224.1,84.7,5874537.9,15.58613796
"30",33,0,0,50250,3935285,"Fire","Fire Department: 5/81  Fire Station #81",129.3,20.9,3,150.1,320.6,0,0,101.3,37.5,1884375,14.44910676
"31",34,0,0,13500,3935287,"Fire","Fire Department: 5/39  Fire Station #39",54.9,18.3,5.4,73.2,460.1,160.7,69.6,173.9,72.4,977400,13.79265126
"32",35,0,0,5850,3935288,"Fire","Fire Department: 5/111 Fire Station #111",26.1,0,4.5,26.1,118.9,161.3,51.4,161.3,51.4,300690,12.61383511
"33",36,0,0,6481,3935289,"Fire","Fire Department: 5/75  Fire Station #75",28.8,11.9,6.3,40.7,964.7,188.9,84.4,197,85.8,556069.8,13.2286491
"34",37,0,0,10988,3935290,"Fire","Fire Department: 5/58  Fire Station #58",28.9,20.2,4.5,49.2,345.2,132,75.4,131.8,65,714220,13.47894632
"35",38,0,0,15800,3935291,"Fire","Fire Department: 5/48  Fire Station #48",31.5,11.6,4.5,43.1,423.8,0,0,143.1,60.8,960640,13.77535501
"36",39,0,0,13239,3935292,"Fire","Fire Department: 5/17  Fire Station #17",32,11.4,3.4,43.5,325.2,106.8,45.9,107.2,45.2,598402.8,13.30201938
"37",40,0,0,8550,3935293,"Fire","Fire Department: 5/109   Fire Station #109",24.7,10.8,6.2,35.5,458.2,0,0,192.1,84.6,723330,13.49162083
"38",41,0,0,145000,3935294,"Fire","Fire Department: 5/114 Fire Station #114 Air Ops",467.5,58.5,9.8,526,2267.4,334.7,125.7,337.9,121.3,17588500,16.68275584
"39",42,0,0,470448,3935295,"Fire","Fire Department: 5/30  Fire Station #30  Fire Dept Admin",369,37,5.3,405.9,2222.2,179.6,63.3,184.3,64.7,30437985.6,17.23120191
"40",43,0,0,15250,3935296,"Fire","Fire Department: 5/65  Fire Station # 65",57.9,22.1,5.2,80,648.7,167,74.6,166,71,1082750,13.89501466
"41",44,0,0,15628,3935298,"Fire","Fire Department: 5/11  Fire Station #11",36.5,13.7,3.2,50.1,543.9,0,0,101.7,43.3,676692.4,13.42497209
"42",45,0,0,8323,3935299,"Fire","Fire Department: 5/93 Fire Station #93",27.8,14.5,5.2,42.3,432.1,152.3,71.1,160.1,73.5,611740.5,13.32406345
"43",46,0,0,16460,3935300,"Fire","Fire Department: 5/66  Fire Station #66",42.7,19.7,5.2,62.3,628.8,160.6,75,161.7,72.1,1186766,13.98674252
"44",47,0,0,12000,3935301,"Fire","Fire Department: 5/49  Fire Station #49",59.1,0,5.2,59.1,671.3,186.9,59.5,186.9,59.5,714000,13.47863824
"45",48,0,0,9063,3935302,"Fire","Fire Department: 5/2  Fire Station #2",35.6,10.6,5.3,46.2,444,172.1,72.2,173.2,70.5,638941.5,13.36756818
"46",49,0,0,9175,3935303,"Fire","Fire Department: 5/26  Fire Station #26",33.6,13.4,5.1,47,399,158.8,69.2,161.3,69.7,639497.5,13.36843799
"47",50,0,0,21272,3935304,"Fire","Fire Department: 5/84  Fire Station #84",97,17.5,7.5,114.6,422.7,245.2,96,252.5,94.8,2016585.6,14.51691634
"48",51,0,0,9354,3935305,"Fire","Fire Department: 5/20  Fire Station #20",30.7,14.1,4.8,44.8,269.6,144.2,66.1,148.5,66.2,619234.8,13.3362398
"49",52,0,0,9800,3935306,"Fire","Fire Department: 5/96  Fire Station #96",32.8,14.5,7,47.3,363.6,213.4,101.5,216.8,95.8,938840,13.75240035
"50",53,0,0,15339,3935307,"Fire","Fire Department: 5/13 Fire Station #13",56.2,14.2,4.6,70.4,262.9,148.5,58.9,150.9,59.7,915738.3,13.7274859
"51",54,0,0,9310,3935308,"Fire","Fire Department: 5/50  Fire Station #50",32.1,13.6,5.7,45.7,370.7,174.2,78.3,177.3,77.6,722456,13.4904118
"52",55,0,0,9800,3935309,"Fire","Fire Department: 5/76  Fire Station #76",12.3,9.2,5.9,21.5,564.4,181.4,99.2,171.3,86.2,844760,13.64680784
"53",56,0,0,12932,3935310,"Fire","Fire Department: 5/40  Fire Station #40",46.3,7.9,4.2,54.2,671.1,142.8,53.9,141.7,52.8,682809.6,13.43397133
"54",57,0,0,11188,3935311,"Fire","Fire Department: 5/14  Fire Station #14",27,14.5,3.8,41.4,354,113.1,53.8,115.8,53.5,598558,13.30227871
"55",58,0,0,10365,3935312,"Fire","Fire Department: 5/43A  Fire Station #43A",40.6,10.3,4.9,50.9,303.5,153.9,63.6,161.4,63.9,662323.5,13.40350939
"56",59,0,0,9161,3935313,"Fire","Fire Department: 5/29  Fire Station #29",4.6,0,0.5,4.6,760.2,18.1,5.8,18.1,5.8,53133.8,10.88056854
"57",60,0,0,15290,3935314,"Fire","Fire Department: 5/78  Fire Station #78",50.1,16.9,4.4,67,934.5,134.2,58.1,140.4,58.6,895994,13.705689
"58",61,0,0,14285,3935315,"Fire","Fire Department: 5/9  Fire Station #9",31.4,19.9,3.6,51.3,543.6,110.5,55.9,107.1,51.6,737106,13.51048699
"59",62,0,0,13915,3935316,"Fire","Fire Department: 5/112  Fire Station #112",90.6,0,6.5,90.6,0,235.6,75,235.6,75,1043625,13.85821079
"60",63,0,0,10568,3935317,"Fire","Fire Department: 5/94  Fire Station #94",65.1,25.5,11.2,90.6,613.3,342.7,158.5,352.5,151.6,1602108.8,14.28683132
"61",64,0,0,34858,3935318,"Fire","Fire Department: 5/4A  Fire Station #4A",203.3,40.5,7.8,243.8,1164,0,0,261.1,99.4,3464885.2,15.05819006
"62",65,0,0,17372,3935320,"Fire","Fire Department: 5/47  Fire Station #47",34.9,15.4,4.4,50.4,500.1,136.7,62.8,137.6,60.8,1056217.6,13.87020478
"63",66,0,0,15250,3935321,"Fire","Fire Department: 5/83  Fire Station #83",47.2,13.9,4,61.1,304.5,122.6,54.9,130,52.9,806725,13.60073812
"64",67,0,0,11550,3935322,"Fire","Fire Department: 5/88  Fire Station #88",194.3,46.4,20.8,240.7,1213.5,701.6,295.8,688.3,269.5,3112725,14.95100911
"65",68,0,0,15105,3935323,"Fire","Fire Department: 5/67  Fire Station #67",49,9.3,3.9,58.3,165,127.5,51.3,129.6,49,740145,13.51460139
"66",69,0,0,16772,3935324,"Fire","Fire Department: 5/60Fire   Station #60",40.7,28,4.1,68.6,652.5,120.2,62.3,120.7,59.3,994579.6,13.81007541
"67",70,0,0,32600,3935325,"Fire","Fire Department: 5/82A  Fire Station #82A",89.1,49.9,4.3,139,330.9,127.6,59.8,129.1,60.3,1965780,14.49139967
"68",71,0,0,7514,3935326,"Fire","Fire Department: 5/61  Fire Station #61",32,18.4,6.8,50.5,462.3,208.3,100.5,205.2,96.5,725101,13.49406623
"69",72,0,0,9683,3935327,"Fire","Fire Department: 5/12  Fire Station #12",31.9,30.2,6.4,62.2,309.3,184,102.7,181.1,96.8,937314.4,13.75077404
"70",73,0,0,7874,3935328,"Fire","Fire Department: 5/105  Fire Station #105",30.1,10.5,6.7,40.6,395.2,195.8,85.8,212.8,89.3,703148.2,13.46332296
"71",74,0,0,11320,3935329,"Fire","Fire Department: 5/33  Fire Station #33",46.6,18.9,6.8,65.6,515.9,203.3,91.4,212.5,92.1,1042572,13.8572013
"72",75,0,0,7600,3935330,"Fire","Fire Department: 5/100  Fire Station #100",30.8,9.1,5.4,39.8,439.6,171.1,73,176.3,71.7,544920,13.20839427
"73",76,0,0,12544,3935331,"Fire","Fire Department: 5/72  Fire Station #72",45.4,11.4,4.9,56.8,306.4,153.9,64,159.5,63,790272,13.58013247
"74",77,0,0,13153,3935332,"Fire","Fire Department: 5/89  Fire Station #89",68.1,15.9,6.4,83.9,1385.1,204,83.4,211.1,82.4,1083807.2,13.89599059
"75",78,0,0,9270,3935333,"Fire","Fire Department: 5/73  Fire Station #73",41.6,13.7,6.9,55.3,328.1,212.8,96.1,221.2,91.8,850986,13.65415096
"76",79,0,0,11764,3935334,"Fire","Fire Department: 5/74  Fire Station #74",26.4,12.4,5.8,38.8,415.7,167.8,79,180,80.6,948178.4,13.76229795
"77",80,0,0,14760,3935335,"Fire","Fire Department: 5/90  Fire Station #90",52.1,24.5,6.9,76.6,480.2,212.7,103.5,214.2,96,1416960,14.16402429
"78",81,0,0,7462,3935336,"Fire","Fire Department: 5/104 Fire Station #104",27.2,10.3,5,37.5,303.8,152.9,70.8,159.1,67.9,506669.8,13.13561479
"79",82,0,0,24759,3935337,"Fire","Fire Department: 5/5C  Fire Station #5C",84,12.8,3.9,96.7,487.1,126.7,46.8,133,48.8,1208239.2,14.00467465
"80",83,0,0,14673,3935338,"Fire","Fire Department: 5/77  Fire Station #77",51,20.1,4.8,71.1,585.8,161.4,76,152.8,65.8,965483.4,13.78038419
"81",84,0,0,15566,3935339,"Fire","Fire Department: 5/70  Fire Station #70",34.1,15.5,3.9,49.5,1653.5,118.6,56.1,120.4,53.5,832781,13.63252598
"82",85,0,0,9455,3935340,"Libraries:","Libraries: 51/034 John Muir Library",49.1,7.8,6.7,56.8,55.8,217.5,83.7,227.4,83.9,793274.5,13.58392459
"83",86,0,0,16505,3935341,"Libraries:","Libraries:  51/043 Alma Reaves Woods-Watts Library",43.5,6.6,4,50.1,145.1,135.3,52.1,136.3,50,825250,13.62344165
"84",87,0,0,11310,3935342,"Libraries:","Libraries: 51/056 Granada Hill Library",45.6,8,4.9,53.6,144,157.7,62.6,164,61.3,693303,13.44922241
"85",88,0,0,25846,3935343,"Libraries:","Libraries: 51/070 Pico Union Library #72",67.6,1.4,5.5,68.9,287.8,192.7,62.9,197.8,64.3,1661897.8,14.32347076
"86",89,0,0,13740,3935344,"Libraries:","Libraries: 51/027 West Los Angeles Library",37.6,6.3,3.2,44,206.3,100.3,37.7,108.2,40.2,552348,13.22193356
"87",90,0,0,12700,3935345,"Libraries:","Libraries:  51/067 Porter Ranch Library",42.2,6.8,4,49,800.1,134.1,51.5,135,49.9,633730,13.35937828
"88",91,0,0,10750,3935346,"Libraries:","Libraries: 51/028 Cypress Park Library",52.5,1.1,5,53.7,116.6,180.1,59,178.9,58.3,626725,13.34826313
"89",92,0,0,14961,3935347,"Libraries:","Libraries: 51/016 Brentwood Library",43.6,3.4,4.5,47,99.4,145.2,50.3,158.2,54.4,813878.4,13.60956625
"90",93,0,0,12650,3935348,"Libraries:","Libraries: 51/030 Ascot Library",48.7,1.8,4.8,50.5,153.3,162.8,54.7,171.3,56.8,718520,13.48494882
"91",94,0,0,12649,3935349,"Libraries:","Libraries: 51/062 Lake View Terrace Library",37.8,8.8,4.4,46.6,114.1,144.6,59.5,144,56.2,710873.8,13.4742502
"92",95,0,0,12006,3935350,"Libraries:","Libraries: 51/038 Mar Vista Library #38",51.2,9.9,5.1,61.1,377.1,165.7,67.1,170.5,64.6,775587.6,13.56137621
"93",96,0,0,9072,3935351,"Libraries:","Libraries: 51/014 Vermont Square Library",56.1,16.7,8.6,72.8,217.1,278.1,113.2,278.1,113.2,1026950.4,13.84210419
"94",97,0,0,10500,3935352,"Libraries:","Libraries: 51/057 Valley Plaza Library",56.9,15.3,6.9,72.1,0,222.6,93.5,224.8,89.8,942900,13.75671551
"95",98,0,0,12500,3935353,"Libraries:","Libraries: 51/071 Westwood Library",77.4,2.1,6.4,79.5,122.5,211,69.3,227.4,74.5,931250,13.74428305
"96",99,0,0,12000,3935354,"Libraries:","Libraries: 51/025 Studio City Library",39.2,0,3.4,39.2,132.5,0,0,123.4,39.3,471600,13.06388645
"97",100,0,0,11615,3935355,"Libraries:","Libraries: 51/010 Wilmington Library",47.2,0.5,4.4,47.7,466.1,159.1,51.3,159.1,51.3,595849.5,13.2977434
"98",101,0,0,17543,3935356,"Libraries:","Libraries: 51/008 Echo Park Library",68.9,2.8,4.2,71.7,533.4,148,50.2,150.5,50,877150,13.68443329
"99",102,0,0,11626,3935357,"Libraries:","Libraries: 51/053 Pacoima Library",63.6,5.1,6.1,68.7,386.4,204.7,73.7,212.5,73.3,852185.8,13.65555986
"100",103,0,0,13035,3935358,"Libraries:","Libraries: 51/051 Sherman Oaks Library",64.8,21.9,7.1,86.7,609.5,0,0,228.2,95.2,1240932,14.03137327
"101",104,0,0,12447,3935359,"Libraries:","Libraries: 51/039 Panarama City Library",70.9,4.5,12.4,75.4,249.2,386.4,132.3,435.2,147.8,1839666.6,14.42509492
"102",105,0,0,12500,3935360,"Libraries:","Libraries: 51/054 Sylmar Library",61.7,5.8,5.7,67.5,233,183.5,64.6,198.8,69.5,868750,13.67481068
"103",106,0,0,6503,3935361,"Libraries:","Libraries: 51/029 Wilshire Library",25.2,2,4.3,27.2,218.9,148.7,51.8,152.1,52.4,340757.2,12.73892548
"104",107,0,0,12596,3935362,"Libraries:","Libraries: 51/061 Fairfax Library",89,1.3,7.2,90.3,107.6,254.9,83,259.7,84,1058064,13.87195138
"105",108,0,0,19500,3935363,"Libraries:","Libraries: 51/011 Goldwyn Hollywood Library",111.3,6.6,7.5,117.8,191.3,261.8,90.3,266,90,1755000,14.37797941
"106",109,0,0,25418,3935364,"Libraries:","Libraries: 51/066 Mid Valley Library",198.4,73.9,10.7,272.3,196.8,327.3,140.7,339.9,144.7,3677984.6,15.1178755
"107",110,0,0,8780,3935365,"Libraries:","Libraries: 51/042 Robertson Library",60.1,2.9,7.2,63,1.3,226.3,76.2,254.3,85.1,747178,13.52405872
"108",111,0,0,13858,3935366,"Libraries:","Libraries: 51/047 Tarzana Library",63.2,5,5.5,68.2,125.2,183.4,65.4,190.8,65.7,910470.6,13.72171689
"109",112,0,0,9953,3935367,"Libraries:","Libraries: 51/036 Los Feliz Library",51.3,6.9,5.8,58.2,169.8,198.6,73.4,200.3,72.5,721592.5,13.48921585
"110",113,0,0,14228,3935368,"Libraries:","Libraries: 51/050 West Valley Library",86.4,11.8,7.1,98.2,485.7,230,84,244.5,88.6,1260600.8,14.04709899
"111",114,0,0,12500,3935369,"Libraries:","Libraries: 51/69 Edendale Library",66.1,0.5,6.2,66.6,447.2,217.1,69.8,222.4,71.4,892500,13.70178179
"112",115,0,0,12500,3935370,"Libraries:","Libraries: 51/024 Canoga Park Library",64.9,2.9,5.4,67.9,331,180.7,60.5,192.6,64.3,803750,13.59704355
"113",116,0,0,12500,3935371,"Libraries:","Libraries: 51/064 Little Tokyo Library",76.4,1.4,6.5,77.8,153.4,233.1,75.8,232.9,75.6,945000,13.75894021
"114",117,0,0,12500,3935372,"Libraries:","Libraries: 51/060 Chatsworth Library",79.3,2.1,6.5,81.4,127.2,214,70.3,233,76.3,953750,13.76815686
"115",118,0,0,9656,3935373,"Libraries:","Libraries: 51/001 Ben Franklin Library",76.7,3.2,8.3,79.9,228.8,283,94.3,294.1,97.8,944356.8,13.75825934
"116",119,0,0,10500,3935374,"Libraries:","Libraries: 51/033 Hyde Park Library",51.8,3.5,5.3,55.3,179.7,178.2,62.9,185.1,63.1,662550,13.40385131
"117",120,0,0,12342,3935375,"Libraries:","Libraries: 51/017 Jefferson Branch Library",31.7,3.8,3.9,35.5,105.5,132.8,47.6,135.9,48.6,599821.2,13.30438689
"118",121,0,0,12362,3935376,"Libraries:","Libraries: 51/058 Woodland Hills Library",65.8,0.9,5.4,66.7,614.7,182,58.9,194.1,62.7,775097.4,13.56074398
"119",122,0,0,14338,3935377,"Libraries:","Libraries: 51/065 Platt Library",69.6,14.8,5.9,84.4,685.5,191.7,75.2,196.2,75.4,1081085.2,13.89347591
"120",123,0,0,25846,3935378,"Libraries:","Libraries: 51/072 Silver Lake Library",77.8,5.6,6.1,83.5,164.2,210.2,73.7,214.2,73.4,1897096.4,14.45583506
"121",124,0,0,14214,3935379,"Libraries:","Libraries: 51/68 Harbor Gateway Library",69.1,2.3,5,71.4,426.6,175.1,58.4,179.1,59,838626,13.63952012
"122",125,0,0,12912,3935380,"Libraries:","Libraries:  51/002 Lincoln Heights Library",38.1,0,3.2,38.1,348.4,115.8,36.9,117.5,37.4,482908.8,13.08758309
"123",126,0,0,6227,3935381,"Libraries:","Libraries: 51/026 Angeles Mesa Library",21.9,1.6,4.5,23.5,253.2,151.1,53.6,157.2,54,336258,12.725634
"124",128,0,0,9126,3935384,"Libraries:","Libraries: 51/048 Felipe De Neve Library",44.8,2.8,5.2,47.6,18.1,186.4,64.8,183.9,62.4,569462.4,13.25244804
"125",129,0,0,14760,3935385,"Libraries:","Libraries: 51/0046 Baldwin Hills Library",83.5,5.1,7.9,88.6,176.4,261,88.9,277.6,94.1,1388916,14.14403414
"126",130,0,0,11166,3935386,"Libraries:","Libraries: 51/022 Palms Rancho Park Library",77.5,8.2,8.2,85.7,209.1,271.6,99.6,282.7,99.8,1114366.8,13.92379691
"127",131,0,0,6180,3935387,"Libraries:","Libraries: 51/044 Atwater Village Library",19.9,2.9,3.9,22.7,115.6,130.2,48.7,131.5,48,296640,12.60027456
"128",132,0,0,43904,3935388,"Libraries:","Libraries: 51/101 Library Maintenance Building",21.8,0,0.5,21.8,517.8,18,5.7,18,5.7,250252.8,12.43022689
"129",133,0,0,14748,3935389,"Libraries:","Libraries: 51/074 Exposition Park Library",116.3,6.6,8.6,122.9,105.5,295.3,100.9,302.8,102.3,1508720.4,14.22677243
"130",134,0,0,12247,3935390,"Libraries:","Libraries: 51/041 Washington Irving Library",52.8,11.5,5.2,64.3,350.5,174.1,69.5,174.5,67.4,825447.8,13.62368131
"131",135,0,0,10325,3935392,"Libraries:","Libraries: 51/004 Vernon Library",48.1,1.4,4.8,49.5,206.6,167.6,55.1,171.4,56.3,581297.5,13.27301795
"132",136,0,0,11850,3935393,"Libraries:","Libraries: 51/020 Cahuenga Library #20",50.3,0.1,4.6,50.4,428.6,163.7,52.2,166.7,53.2,630420,13.35414154
"133",137,0,0,10847,3935394,"Libraries:","Libraries: 51/007 Junipero Serra Library",50.3,2.2,4.8,52.5,1270.7,173,58.4,171.8,57.3,621533.1,13.33994445
"134",138,0,0,11062,3935395,"Libraries:","Libraries: 51/049 Memorial Library",49,1.6,4.8,50.6,96,163.9,54.9,170.7,56.3,622790.6,13.34196563
"135",139,0,0,13703,3935396,"Libraries:","Libraries: 51/040 Venice-Abbot Kinney Library",42,2.6,4.4,44.6,473.8,141.7,48.3,154.3,52.3,716666.9,13.48236644
"136",140,0,0,21376,3935397,"Libraries:","Libraries: 51/037 North Hollywood Library",62.1,0,5.1,62.1,0,185.8,59.2,183.8,58.5,1250496,14.03905083
"137",141,0,0,12500,3935398,"Libraries:","Libraries: 51/ 032 Eagle Rock Library",44,1.8,3.7,45.8,296.3,130.9,44,133.2,44.3,553750,13.2244686
"138",142,0,0,10500,3935399,"Libraries:","Libraries: 51/021 El Sereno Library",42.8,5.7,4.6,48.5,130.4,155.1,57.6,158.3,57.2,600600,13.30568443
"139",143,0,0,7050,3935400,"Libraries:","Libraries: 51/012 John C Fremont Library",33.9,1.1,5,35,361.9,171.4,57,177.2,58.4,411720,12.92809879
"140",144,0,0,14000,3935401,"Libraries:","Libraries: 51/005 Arroyo Seco Library",63.9,2.7,6.5,66.6,127.4,226.9,76.2,231.8,77.1,1079400,13.89191589
"141",145,0,0,14500,3935403,"Libraries:","Libraries: 51/063 China Town Library",91.9,5.7,6.7,97.6,388.9,230.5,79.7,237.1,80.4,1165800,13.9689181
"142",146,0,0,10500,3935404,"Libraries:","Libraries: 51/055 Playa Vista Library",39.6,2.2,4,41.9,397.4,130.1,44.1,140.8,47.5,498750,13.11986025
"143",147,0,0,38949,3935405,"Libraries:","Libraries: 51/003 Pio Pico Koreatown Library",166.4,9.2,8.8,175.5,267.1,0,0,310.1,104.5,4070170.5,15.21919545
"144",148,0,0,14050,3935406,"Libraries:","Libraries: 51/013 Westchester Loyola Library",47.7,2,7.4,49.8,120.6,244.1,81.5,264.4,88,1236400,14.02771449
"145",149,0,0,12500,3935407,"Libraries:","Libraries: 51/031 Will and Arial Durant Library",69.1,1,5.6,70.1,380.2,194.3,62.9,201.8,65.2,815000,13.61094339
"146",150,0,0,10500,3935408,"Libraries:","Libraries: 51/035 Sunland-Tujunga Library",38,4.4,4.3,42.4,86.6,145,54.1,147,52.4,550200,13.21803713
"147",151,0,0,5064,3935409,"Libraries:","Libraries: 51/019 R.L Stevenson Library",16.7,0.2,3.3,16.9,140.3,0,0,120,38.8,196483.2,12.18833221
"148",152,0,0,10730,3935411,"Libraries:","Libraries: 51/015 Palisades Library",64.4,1.3,6.1,65.7,488.7,219.6,71.5,219.6,71.5,767195,13.55049629
"149",153,0,0,12500,3935412,"Libraries:","Libraries: 51/059 Northridge Library",69.3,18.1,7,87.3,689.3,226.9,94.4,229.1,91.1,1138750,13.94544173
"150",154,0,0,23596,3935413,"Libraries:","Libraries: 51/009 San Pedro Regional Library",77.9,1.8,11.9,79.7,227.2,405,132.4,426.9,139.3,3286922.8,15.00546237
"151",155,0,0,9636,3935414,"Libraries:","Libraries: 51/045 Mark Twain Library",46.7,2.7,5.2,49.4,68,177,61.1,184.4,62.4,601286.4,13.30682664
"152",156,0,0,15197,3935419,"Cultural","Cultural Affairs: 19/8 Madrid Theater",60.1,3.9,5.7,64.1,117.8,183.2,62.7,199.7,68,1033396,13.84836102
"153",157,0,0,39839,3935421,"Cultural","Cultural Affairs: 19/101 Warner Grand Theater",94.1,3.6,2.5,97.7,0,82.1,27.3,87.3,28.9,1151347.1,13.95644321
"154",158,0,0,48777,3935422,"Cultural","Cultural Affairs: 19/4 Barnsdall Gallery",95.6,56.1,3.1,151.7,693.1,93.7,44.2,93.7,44.2,2155943.4,14.58373896
"155",159,0,0,7259,3935423,"Cultural","Cultural Affairs: 19/38 Lankershim Arts Center",26.6,0,3.7,26.6,26.8,121.6,38.7,132.6,42.2,306329.8,12.63241758
"156",160,0,0,10766,3935425,"Street","Street Maintenance (BSS): 08/041 Granada Hills Street Maintenance Yard",11.1,3.1,1.3,14.2,510.1,0,0,43,17.3,186251.8,12.1348548
"157",161,0,0,11311,3935426,"Street","Street Maintenance (BSS): 08/010  N Hollywood Street Maintenance",36.8,7.2,3.9,44,372.8,134.7,53.8,130.2,49.5,559894.5,13.23550365
"158",163,0,0,9445,3935428,"Street","Street Maintenance (BSS): 08/018 Reseda / Woodland hills Street Maintenance Yard",10.6,1.9,1.3,12.5,89.6,45.6,17.6,44.6,16.7,157731.5,11.9686495
"159",164,0,0,26638,3935429,"Street","Street Maintenance (BSS): 08/027 Topanga Street Maintance Yard",32.4,1.3,1.3,33.8,898.5,43.3,14.4,45,15,399570,12.89814425
"160",165,0,0,31815,3935430,"Police","Police Department: 9/17  Devonshire Police",231.7,84.2,9.9,315.9,961.3,0,0,315.8,133.7,4253665.5,15.26329164
"161",166,0,0,141472,3935431,"Police","Police Department: 9/68   Mid City Police",385.8,53.8,3.1,439.6,1568.1,0,0,106.2,38.6,5460819.2,15.51310937
"162",167,0,0,72665,3935432,"Police","Police Department: 9/12  North Hollywood Police",378,126,7.4,504,2619.2,239.1,104.8,238,99,7193835,15.78873497
"163",168,0,0,61569,3935433,"Police","Police Department: 9/27  EVOC",376.4,61.6,7.1,438,1099.6,233.9,87,241,89.3,5498111.7,15.51991526
"164",169,0,0,32921,3935434,"Police","Police Department: 9/9  Pacific Area Police",256.9,94.5,10.7,351.4,787,335.9,154.5,339.1,144,4740624,15.37167933
"165",171,0,0,32250,3935436,"Police","Police Department: 9/4  Hollywood Police",229.1,86.6,12,315.7,541.9,383.4,168.2,380.4,162.4,5237400,15.47133575
"166",172,0,0,138825,3935437,"Police","Police Department: 9/90    Rampart Police",379,70.8,3.2,449.8,2283.3,108.2,41.4,108.9,41.1,5705707.5,15.55697755
"167",173,0,0,31917,3935438,"Police","Police Department: 9/19  Southeast Police",286.1,44,10.3,330.1,805.1,339.4,129.3,351.6,129.3,4126868.1,15.23302935
"168",174,0,0,29070,3935439,"Police","Police Department: 9/8   Southwest Police",365.2,72.4,15.1,437.5,1240.9,511.6,199.1,503.8,191.6,5569812,15.53287186
"169",175,0,0,29505,3935440,"Police","Police Department: 9/10  West LA Police",308.5,49.6,12.8,358.1,8001.8,425.6,165.9,434.3,160.5,4735552.5,15.37060896
"170",176,0,0,179000,3935441,"Police","Police Department: 9/44 Metro Detention Center MDC",819.1,0,4.7,819.1,2613.3,0,0,170.4,54.3,9719700,16.08966531
"171",177,0,0,45691,3935443,"Police","Police Department: 9/13 West Valley Police",427.5,92.3,15.7,519.8,2404,510.4,203.3,520.9,200.7,9170183.7,16.03146788
"172",178,0,0,22400,3935444,"Police","Police Department: 9/42  Metro Bomb Squad",110.5,2.3,5,112.8,83.3,174.6,56.9,180.5,58.8,1317120,14.09095809
"173",179,0,0,54278,3935445,"Police","Police Department: 9/3  Hollenbeck Police",434.2,89.7,9.7,523.9,1349.6,0,0,322.2,123.3,6692477.4,15.71649468
"174",180,0,0,49159,3935446,"Police","Police Department: 9/71  Topanga Police",345.6,0,7,345.6,760.5,244.8,77.9,254.4,81,3981879,15.19726438
"175",181,0,0,66613,3935447,"Police","Police Department: 9/14  Harbor Police",428.6,75.2,7.6,503.9,11860.1,0,0,255.2,95.4,6354880.2,15.66473361
"176",182,0,0,298000,3935448,"Police","Police Department: 9/93  Police Motor transport",367.9,6.2,1.3,374.1,1052.9,45.2,14.7,45.1,14.6,4350800,15.28587029
"177",183,0,0,42153,3935449,"Police","Police Department: 9/2 Northeast Police",272.7,26.1,7.1,298.9,647.4,242.1,86.1,246.4,86.2,3633588.6,15.10573131
"178",184,0,0,39110,3935450,"Police","Police Department: 9/6  Newton Area Police",354.6,97.6,11.6,452.2,911.9,373.5,150.2,377.5,151.5,5925165,15.59471909
"179",186,0,0,30344,3935452,"Police","Police Department: 9/11  Wilshire Police",181.5,50.3,7.6,231.8,2751,249.1,101.6,249.3,100.2,3040468.8,14.92752227
"180",187,0,0,14816,3935453,"Police","Police Department: 9/53 Equestrian Center",25.3,4.2,2,29.5,463.2,67.6,25.3,67.4,25.1,371881.6,12.8263308
"181",188,0,0,176336,3935454,"Police","Police Department: 9/26  Recruit Training  Center    ARTC",538.5,96.6,3.6,635.1,4846.7,0,0,121.3,45.5,8023288,15.89785887
"182",189,0,0,47289,3935455,"Animal","Animal Services: 7/8 Northeast Valley Animal Sheter",157.2,0,3.3,157.2,3188.2,114.1,36.3,120.3,38.3,1811168.7,14.40948289
"183",190,0,0,110661,3935456,"Police","Police Department: 9/47  Valley Traffic Division",271,54.8,2.9,325.8,531.2,94.7,36.4,98.4,37.5,4149787.5,15.23856769
"184",191,0,0,23063,3935457,"Animal","Animal Services: 7/2 West LA Animal Care",129.1,80.6,9.1,209.7,2393.7,276.7,146.3,271.6,130.3,3005108.9,14.91582436
"185",192,0,0,51730,3935458,"Animal","Animal Services: 7/7 East Valley Animal Shelter",160.7,122.5,5.5,283.2,3177,164,88.9,159.2,80.4,4159092,15.24080734
"186",193,0,0,40394,3935459,"Animal","Animal Services: 7/6 West Valley Animal Shelter",174.1,104,9.1,278.1,3400.7,288.8,148.5,273.6,129.8,5243141.2,15.47243134
"187",194,0,0,44500,3935461,"Animal","Animal Services: 7/1 North Central Animal Shelter",114.6,107.2,5.9,221.9,5422.3,170.6,94.2,166,88.5,3938250,15.18624702
"188",196,0,0,13784,3935463,"Animal","Animal Services: 7/4 Harbor Animal Care",99.7,48.5,10.8,148.2,2339.3,340,163.3,331.4,149.6,2062086.4,14.53922884
"189",197,0,0,124297,3935464,"Sanitation:","Sanitation: 21/14  East Valley Solid Waste Resources facility",484.7,257,7.6,741.7,6246.9,253.2,127.7,230.8,106.4,13225200.8,16.39763472
"190",195,0,0,32430,3935462,"Municipal","LA Buildings - not tracked: South LA Animal Shelter #5 CLOSED Jan 2013",110.1,0,3.4,110.1,101.9,0,0,122.8,39.1,1268013,14.05296167
"191",185,0,0,21332,3935451,"Municipal","LA Buildings - not tracked: Police #34",57.7,0,2.7,57.7,0,0,0,97.9,31.2,665558.4,13.40838167
"192",200,0,0,19573,3935467,"Sanitation:","Sanitation: 21/32  Gaffey St Yard",81.8,13.9,20.3,95.8,20040.1,0,0,686.2,255.5,5000901.5,15.42512875
"193",201,0,0,11267,3935468,"Sanitation:","Sanitation: 20/3   Western District",162.1,30.1,17.1,192.1,467.9,573.3,216,573.3,216,2433672,14.70491179
"194",202,0,0,86301,3935469,"Sanitation:","Sanitation: 20/9  Central LA recycling transfer yard",145.5,1.8,1.7,147.3,1075.5,61.4,19.8,61.4,19.8,1708759.8,14.3512784
"195",203,0,0,17787,3935470,"Sanitation:","Sanitation: 21/1  North District Sewer Maintenance Yard",119,28.6,8.3,147.6,554.6,277.6,113.5,273.8,107.3,1908545.1,14.46185178
"196",204,0,0,25121,3935471,"Sanitation:","Sanitation: 21/36 San Fernando Rd. Consolidated Facility",296.3,145.4,17.6,441.6,1167.8,566.8,269.2,541.2,244.9,6152132.9,15.63230939
"197",215,0,75,92920,3935485,"Municipal:","Municipal: 1/3  San Pedro Municipal",303.6,44.3,3.7,348,0,0,0,127.7,46.6,4330072,15.28109473
"198",220,0,0,34279,3935490,"DOT:","DOT: 63/41 Western Parking Enforcement office",122.9,54.6,5.2,177.5,467.5,152.9,71.8,161.2,71.3,2444092.7,14.70918453
"199",221,0,0,22738,3935491,"DOT:","DOT: 63/25 Valley Area Parking enforcement",129.4,7.2,10.5,136.6,561.1,0,0,372.5,125.6,2855892.8,14.86489507
"200",222,0,0,20393,3935492,"DOT:","DOT: 63/21 Western District Traffic Yard",27.6,3.2,1.5,30.8,107,0,0,52.1,18.6,379309.8,12.84610856
"201",223,0,0,170562,3935493,"DOT:","DOT: 63/15 Hollywood Area DOT",397.2,62.2,2.7,459.4,1011.2,91.8,34.6,91.5,33.7,5747939.4,15.56435198
"202",224,0,0,17466,3935494,"DOT:","DOT: 1/24A Commercial St Traffic Yard",21.5,8.4,1.7,29.9,6,0,0,54.1,23.3,406957.8,12.91646477
"203",226,0,0,40165,3935496,"DOT:","DOT: 63/23 South Area Parking Management",33.8,0.8,5.1,34.6,69,177,58.2,182.4,59.6,2393834,14.68840682
"204",199,0,0,3723,3935466,"Municipal","City of LA - removed properties: Lopez Canyon Landfill 20/19",77.1,0,20.7,77.1,14976.8,741.6,236.2,749.7,238.8,889052.4,13.69791146
"205",219,0,0,14960,3935489,"Municipal","Municipal: 1/19  Constituent Service Ctr So Central",77.5,39.5,11.4,117,0,337.9,155.8,349,159.3,2383128,14.68392447
"206",218,0,91,10674,3935488,"Municipal","Municipal: 1/4  Sunland Tujnga Municipal",19.6,6.3,2.4,25.8,0.7,78.7,32.5,78,32.2,343702.8,12.74753261
"207",217,0,10,9957,3935487,"Municipal","Municipal: 1/22  Westchester Municipal",42.7,35.1,7.8,77.8,251.4,242.6,132.7,224.9,115.8,1153020.6,13.95789567
"208",216,0,1,25190,3935486,"Municipal","Municipal: 1/13  Hollywood Municipal",156.4,80.9,14.4,237.3,164.9,431.3,201.5,441,202.1,5090899,15.44296499
"209",213,0,85,9639,3935482,"Municipal","Municipal: 1/99  Wilmington Municipal",21.6,2.1,2.5,23.7,55.2,83.2,29.2,85.3,29.9,288206.1,12.57143113
"210",212,0,74,5600,3935481,"Municipal","Municipal: 1/1  Eagle Rock Municipal",7,9.7,3.3,16.7,281.5,88.9,52.4,88.9,52.4,293440,12.58942847
"211",211,0,23,16500,3935479,"Municipal","Municipal: 1/20  West Valley Municipal",60.2,11.5,6.1,71.8,88.8,0,0,205.7,77.9,1285350,14.06654161
"212",210,0,45,36162,3935478,"Municipal","Municipal: 1/46  Sawtelle Various City",121.2,0,4.8,121.2,84.7,173.8,55.3,173.8,55.3,1999758.6,14.50853703
"213",227,0,0,45789,3935497,"GSD","GSD Facilities: 1/72 North Hollywood Repair facility",256.1,52.2,11.5,308.2,152.8,390.1,158.3,383.6,146.5,6708088.5,15.7188246
"214",228,0,0,14832,3935498,"GSD","GSD Facilities: 1/17 GSD North District Maintenance  1/17",89,26.4,11.1,115.4,379.6,0,0,359.9,146.5,2172888,14.59156772
"215",229,0,0,25794,3935499,"GSD","GSD Facilities: 1/111  Standards Test Labs",264.8,31,11.5,295.7,339.5,0,0,395.2,140.9,3634374.6,15.1059476
"216",230,0,0,1e+05,3935500,"GSD","GSD Facilities: 01/037  7th Street Complex (GSD)",462.2,313,19,775.2,421.7,593.6,305.9,560.8,274.6,27460000,17.12824096
"217",231,0,0,34424,3935501,"GSD","GSD Facilities: 1/76 Central refuse equipment repair yard",152.6,116.9,7.8,269.5,109.2,239.6,126.5,227.5,115,3958760,15.1914414
"218",233,0,0,19076,3935503,"GSD","GSD Facilities: 1/47 36th St Building Maintenance  yard",37.3,4.9,8.7,42.2,127.9,0,0,298.4,107.7,2054485.2,14.53553586
"219",234,0,0,40165,3935504,"DOT:","DOT: 1/39 DOT facility",59,13.4,1.8,72.5,597.1,0,0,59.8,23.2,931828,13.74490353
"220",235,0,0,6000,3935506,"Residence:","Residence: Getty House (30/3)",17.8,7.3,4.2,25.1,666.2,0,0,131.7,57.2,343200,12.74606865
"221",236,0,0,55800,3976343,"Police","Police Department: 9/35      911 Metro Communication Dispatch",927.9,0,16.6,927.9,746.9,602.2,191.8,602.2,191.8,10702440,16.18598231
"222",237,0,0,54000,3976344,"Police","Police Department: 9/41  North Valley Police",478,109.7,10.9,587.7,1621.5,354.4,142,360.5,140.3,7576200,15.84052231
"223",238,0,0,118664,3991362,"Personnel","Personnel Department: Personnel building #27/8/* City Personnel",696.2,73.8,6.5,770,2377.5,220.2,78.2,224.6,79.3,9410055.2,16.05728938
"224",239,0,100,20000,3991363,"Personnel","Personnel Department:  Personnel Medical Svc Div  27/02",107.4,26.3,6.7,133.7,103.9,218.8,87.8,220.4,86.6,1732000,14.36478737
"225",240,0,0,30886,3991364,"Street","Street Lighting (BSL): 12/1  Street Lighting Field HQ",65.4,3.6,2.2,69.1,502.8,78.2,26.7,79,26.6,821567.6,13.6189695
"226",241,0,0,17000,3991366,"CDD:","CDD: CDD  47/88",65.5,2.5,4,68,664,139.2,47,142.4,47.2,802400,13.59536252
"227",242,0,100,40860,3991367,"GSD","GSD Facilities: 7th street shops, yards, offices 01/037 - 2324 East 7th",29.9,0,0.7,29.9,132.4,28.2,9,26.5,8.4,343224,12.74613857
"228",243,0,29,40860,4028627,"GSD","GSD Facilities: 7th street shops, yards, offices  01/037 - 2310 East 7th",177.1,131.3,7.5,308.4,0,235.7,125.1,220.4,110.5,4515030,15.32292239
"229",244,0,0,30000,4943343,"Animal","Animal Services: 7/9 South LA Animal Shelter  / Chesterfield Square",247.6,100.8,11.6,348.4,7147.2,388.2,175.5,365.1,158.4,4752000,15.37407614
"230",245,0,0,491023,3935250,"Police","Police Department: 9/63   Police Administration Building  PAB",2514.5,823.8,6.8,3338.3,2983.2,215.2,90.1,218.5,90.6,44486683.8,17.61070046
"231",248,0,87,417170,3935253,"Public","Public Works: Transamerica Public works 1/88",1591.2,0,3.8,1591.2,0,138,44,138,44,18355480,16.72543873
"232",250,0,0,50635,3935261,"Police","Police Department: 9/20  Central Facilities Building",1000.4,104.6,21.8,1104.9,1991.2,760.5,271.1,755.8,266.6,13499291,16.41814772
"233",252,0,0,538802,3935264,"Libraries:","Libraries: 51/100 Central Library",1705.5,393.2,4.2,2098.7,8069.7,136.7,53.8,137.7,53.6,28879787.2,17.1786525
"234",253,0,0,69146,3935265,"Police","Police Department: 9/1  Van Nuys Police",770.5,266.1,15,1036.6,4281.2,470.4,198,479.3,200.9,13891431.4,16.44678276
"235",249,0,96,185550,3935258,"Municipal","Municipal: 1/44  Fig Plaza II",477.1,24.8,2.7,501.9,1702.6,0,0,95.7,32.2,5974710,15.60304612
"236",254,0,0,1300000,3935266,"Municipal","Municipal: 1/18  Piper Tech",2443.5,626.6,4,3070.1,5218,130.4,52.5,130.4,51.7,67210000,18.0233326
"237",255,0,0,177450,3935267,"Police","Police Department: 9/7      77th Street Police",960.4,304.4,7.1,1264.8,4363.3,227.7,96.1,229.8,94.7,16804515,16.63715816
"238",256,0,0,9400,3935268,"Fire","Fire Department: 5/95  Fire Station #95",32.9,10.9,4.7,43.9,0,0,0,149.8,62.3,585620,13.28042639
"239",257,0,0,7500,3935269,"Fire","Fire Department: 5/36  Fire Station #36",28.2,6.5,4.6,34.7,264.9,147.1,58.5,153,59.5,446250,13.00863461
"240",258,0,0,24260,3935270,"Fire","Fire Department: 5/87  Fire Station #87",100.8,20.2,7.9,121,297.6,261.1,101,265.5,101.1,2452686,14.71269431
"241",259,0,0,8853,3935271,"Fire","Fire Department: 5/51  Fire Station #51",36.7,0,4.1,36.7,0,139.7,44.5,150,47.8,423173.4,12.9555373
"242",260,0,0,9700,3935272,"Fire","Fire Department: 5/92  Fire Station #92",33.8,0,3.7,33.8,226.5,125.7,40,132.9,42.3,410310,12.92466825
"243",261,0,0,11178,3935273,"Fire","Fire Department: 5/3  Fire Station #3",50.8,18.6,6.2,69.4,524.4,195.5,85.3,197.2,83.6,934480.8,13.74774636
"244",262,0,0,8010,3935275,"Fire","Fire Department: 5/64  Fire Station #64",94.8,26.8,15.2,121.6,587.2,455.9,187.1,494.4,199.4,1597194,14.2837589
"245",263,0,0,11625,3935276,"Fire","Fire Department: 5/28  Fire Station #28",28.8,15.6,5.4,44.4,274.4,0,0,163.3,75.6,878850,13.68636951
"246",264,0,0,11051,3935277,"Fire","Fire Department: 5/37  Fire Station #37",32.7,24.8,5.8,57.5,584.5,158.9,86.3,168.4,85,939335,13.75292746
"247",265,0,0,13790,3935278,"Fire","Fire Department: 5/62  Fire Station #62",60,9.2,5,69.2,418.2,171,63,170.7,62.7,864633,13.67006042
"248",266,0,0,5050,3935279,"Fire","Fire Department: 5/108 Fire Station #108",17.9,7.3,5,25.2,227.6,148.3,68,156.6,67.9,342895,12.74517956
"249",267,0,0,10968,3935280,"Fire","Fire Department: 5/98  Fire Station #98",38.4,17.3,5.1,55.7,668.9,151.5,70.5,158,70,767760,13.55123246
"250",268,0,0,10454,3935281,"Fire","Fire Department: Fire Station #85",35.8,13.5,4.7,49.3,389.7,142.7,63.6,149.4,63.8,666965.2,13.41049315
"251",269,0,0,21595,3935282,"Fire","Fire Department: 5/27  Fire Station #27",52.3,0,2.4,52.3,443.8,84.7,27,87.7,27.9,602500.5,13.30884377
"252",270,0,0,16244,3935283,"Fire","Fire Department: 5/10  Fire Station #10",39.3,14.7,3.9,54,387,119.7,52.3,125,53.2,864180.8,13.66953729
"253",271,0,0,69357,3935284,"Fire","Fire Department: 5/401  Fire Station #401 Shops and Stores",373.4,108.1,6.9,481.5,257.9,224.7,93,225.6,91.4,6339229.8,15.66226784
"254",272,0,0,50250,3935285,"Fire","Fire Department: 5/81  Fire Station #81",118.4,25,2.9,143.4,369.9,91.9,35.9,95.1,36.5,1834125,14.42207809
"255",273,0,0,13500,3935287,"Fire","Fire Department: 5/39  Fire Station #39",54.7,18.9,5.5,73.6,470.3,165.9,71.6,174.3,73.1,986850,13.80227333
"256",274,0,0,5850,3935288,"Fire","Fire Department: 5/111 Fire Station #111",22.2,0,3.8,22.2,97.5,137.1,43.7,137.1,43.7,255645,12.45154504
"257",275,0,0,6481,3935289,"Fire","Fire Department: 5/75  Fire Station #75",28.8,11.9,6.3,40.7,838.8,188.5,84.1,197.1,85.7,555421.7,13.22748292
"258",276,0,0,10988,3935290,"Fire","Fire Department: 5/58  Fire Station #58",31.1,19.7,4.6,50.9,226.7,136,75.5,138,66.5,730702,13.50176099
"259",277,0,0,15800,3935291,"Fire","Fire Department: 5/48  Fire Station #48",32.4,11.7,4.6,44.1,339.9,141.8,61.3,146.6,62,979600,13.7948996
"260",278,0,0,13239,3935292,"Fire","Fire Department: 5/17  Fire Station #17",30.5,10.6,3.2,41.1,277.5,0,0,101.7,42.7,565305.3,13.24512122
"261",279,0,0,8550,3935293,"Fire","Fire Department: 5/109   Fire Station #109",25.3,12.3,6.5,37.6,344.5,0,0,201.1,90.9,777195,13.56344656
"262",280,0,0,145000,3935294,"Fire","Fire Department: 5/114 Fire Station #114 Air Ops",448.5,58.2,9.5,506.8,1674.9,317.3,117.2,324.9,117.1,16979500,16.64751729
"263",281,0,0,470448,3935295,"Fire","Fire Department: 5/30  Fire Station #30  Fire Dept Admin",364.5,14.3,5,378.8,1682.7,170.8,57.1,176.3,58.5,27521208,17.13046747
"264",282,0,0,15250,3935296,"Fire","Fire Department: 5/65  Fire Station # 65",47.1,19.1,4.3,66.2,349.4,142,64.3,136.6,59.2,902800,13.71325632
"265",283,0,0,15628,3935298,"Fire","Fire Department: 5/11  Fire Station #11",36.7,13.9,3.2,50.7,438,0,0,102.7,43.9,686069.2,13.43873378
"266",284,0,0,8323,3935299,"Fire","Fire Department: 5/93 Fire Station #93",28.3,13.3,5.2,41.7,380.8,151.5,69.7,159.5,71.4,594262.2,13.29507592
"267",285,0,0,16460,3935300,"Fire","Fire Department: 5/66  Fire Station #66",42,19.6,5.1,61.5,439.2,159.9,78.3,159.4,71.3,1173598,13.9755848
"268",286,0,0,12000,3935301,"Fire","Fire Department: 5/49  Fire Station #49",59,0,5.2,59,584,185.3,59,186.8,59.5,714000,13.47863824
"269",287,0,0,9063,3935302,"Fire","Fire Department: 5/2  Fire Station #2",38.1,11.4,5.7,49.5,411.1,179.7,74.5,185.3,75.5,684256.5,13.43608813
"270",288,0,0,9175,3935303,"Fire","Fire Department: 5/26  Fire Station #26",34,14.5,5.3,48.4,412.7,160.6,71.3,165.1,72.3,663352.5,13.4050618
"271",289,0,0,21272,3935304,"Fire","Fire Department: 5/84  Fire Station #84",93.8,17.6,7.3,111.4,471.5,237.7,92.4,244.9,92.5,1967660,14.49235558
"272",290,0,0,9354,3935305,"Fire","Fire Department: 5/20  Fire Station #20",32.1,3.2,3.8,35.4,257.9,122.6,43.4,131.2,46.1,431219.4,12.97437229
"273",291,0,0,9800,3935306,"Fire","Fire Department: 5/96  Fire Station #96",32.3,18.8,7.5,51.1,372.1,221.1,111.6,226.5,106.8,1046640,13.86109559
"274",292,0,0,15339,3935307,"Fire","Fire Department: 5/13 Fire Station #13",56.9,13,4.6,69.9,216.6,145.8,57.1,150.9,58.7,900399.3,13.71059361
"275",293,0,0,9310,3935308,"Fire","Fire Department: 5/50  Fire Station #50",32.7,15.2,5.9,47.8,331.1,177,79.9,183.7,82.1,764351,13.54678239
"276",294,0,0,9800,3935309,"Fire","Fire Department: 5/76  Fire Station #76",13.3,10.6,6.5,23.9,386.2,185.7,100.8,188.5,96.2,942760,13.75656702
"277",295,0,0,12932,3935310,"Fire","Fire Department: 5/40  Fire Station #40",67.6,8.9,5.9,76.5,783.7,205.6,75.9,202.7,73.2,946622.4,13.76065556
"278",296,0,0,11188,3935311,"Fire","Fire Department: 5/14  Fire Station #14",28.3,15.6,4,43.9,347.2,118,56.4,122.3,56.9,636597.2,13.3638924
"279",297,0,0,10365,3935312,"Fire","Fire Department: 5/43A  Fire Station #43A",43.7,9.6,5.1,53.3,184.1,159.7,63.7,170.9,66.1,685126.5,13.43735877
"280",298,0,0,9161,3935313,"Fire","Fire Department: 5/29  Fire Station #29",3.9,0,0.4,3.9,562,15.5,4.9,15.5,4.9,44888.9,10.71194583
"281",299,0,0,15290,3935314,"Fire","Fire Department: 5/78  Fire Station #78",53.1,17.8,4.6,70.9,584.5,147.6,63.6,148.7,61.9,946451,13.76047448
"282",300,0,0,14285,3935315,"Fire","Fire Department: 5/9  Fire Station #9",31.8,23.3,3.9,55.1,548.6,116.1,61.1,112.8,56.4,805674,13.59943447
"283",301,0,0,13915,3935316,"Fire","Fire Department: 5/112  Fire Station #112",99.3,0,7.1,99.3,0,255,81.2,258.3,82.3,1145204.5,13.95109378
"284",302,0,0,10568,3935317,"Fire","Fire Department: 5/94  Fire Station #94",66.3,21.5,10.8,87.8,535.9,328.8,142.5,347.8,143.9,1520735.2,14.23470446
"285",303,0,0,34858,3935318,"Fire","Fire Department: 5/4A  Fire Station #4A",200.4,46.3,7.9,246.7,1070.1,0,0,261.4,101.8,3548544.4,15.08204805
"286",304,0,0,17372,3935320,"Fire","Fire Department: 5/47  Fire Station #47",35.1,17.7,4.6,52.9,271.5,140.2,66.6,142.2,64.8,1125705.6,13.9339206
"287",305,0,0,15250,3935321,"Fire","Fire Department: 5/83  Fire Station #83",48.6,16.9,4.3,65.5,440.5,135,59.1,137.3,57.6,878400,13.68585735
"288",306,0,0,11550,3935322,"Fire","Fire Department: 5/88  Fire Station #88",179.6,39.9,19,219.5,850.3,626.7,253.5,630.9,244.2,2820510,14.85242828
"289",307,0,0,15105,3935323,"Fire","Fire Department: 5/67  Fire Station #67",49.2,8.8,3.8,58,148,122.2,47.4,129.3,48.5,732592.5,13.50434489
"290",308,0,0,16772,3935324,"Fire","Fire Department: 5/60Fire   Station #60",39.7,20.8,3.6,60.5,476.9,103.3,50,110.1,50.6,848663.2,13.65141768
"291",309,0,0,32600,3935325,"Fire","Fire Department: 5/82A  Fire Station #82A",87,34.7,3.7,121.7,285.6,115.4,50.1,117.6,50.8,1656080,14.31996392
"292",310,0,0,7514,3935326,"Fire","Fire Department: 5/61  Fire Station #61",31.8,17.9,6.7,49.7,427.5,199.8,96,203,94.8,712327.2,13.47629264
"293",311,0,0,9683,3935327,"Fire","Fire Department: 5/12  Fire Station #12",32.6,20.2,5.5,52.8,305.8,161.2,81,163.1,78,755274,13.53483588
"294",312,0,0,7874,3935328,"Fire","Fire Department: 5/105  Fire Station #105",29.7,10.8,6.6,40.6,391.7,197.4,86.4,211.5,89.6,705510.4,13.46667679
"295",313,0,0,7600,3935330,"Fire","Fire Department: 5/100  Fire Station #100",31.2,12.4,6,43.7,300,184.2,82.4,187.7,81,615600,13.33035268
"296",314,0,0,12544,3935331,"Fire","Fire Department: 5/72  Fire Station #72",46.3,11.5,4.9,57.8,186.9,155.2,62.8,162.5,64,802816,13.59588083
"297",315,0,0,13153,3935332,"Fire","Fire Department: 5/89  Fire Station #89",57.1,16.7,5.6,73.8,1295.7,176.2,73.6,182.2,73.9,972006.7,13.78711798
"298",316,0,0,9270,3935333,"Fire","Fire Department: 5/73  Fire Station #73",41.1,17.5,7.3,58.6,286.9,227.3,105.9,228.3,100,927000,13.73970884
"299",317,0,0,11764,3935334,"Fire","Fire Department: 5/74  Fire Station #74",26.9,11.2,5.7,38,282.5,170.5,77.2,178.7,77.9,916415.6,13.72822525
"300",318,0,0,14760,3935335,"Fire","Fire Department: 5/90  Fire Station #90",50.9,30.6,7.4,81.5,452.9,0,0,221.4,105.2,1552752,14.2555394
"301",319,0,0,7462,3935336,"Fire","Fire Department: 5/104 Fire Station #104",25.6,11.7,5,37.4,226.9,147.4,68.6,155.4,69.2,516370.4,13.15457962
"302",320,0,0,24759,3935337,"Fire","Fire Department: 5/5C  Fire Station #5C",80.3,11.8,3.7,92.2,463.4,0,0,126.9,46.4,1148817.6,13.9542438
"303",321,0,0,14673,3935338,"Fire","Fire Department: 5/77  Fire Station #77",49.4,23.2,4.9,72.6,528.3,147.5,70.9,153.1,68.6,1006567.8,13.82205688
"304",322,0,0,15566,3935339,"Fire","Fire Department: 5/70  Fire Station #70",33.3,17.6,4,50.9,1389.2,119.9,58.7,121.5,56,871696,13.67819602
"305",323,0,0,9455,3935340,"Libraries:","Libraries: 51/034 John Muir Library",52.1,2.3,6.4,54.4,41.9,206.5,70.5,227.6,75.9,717634.5,13.48371567
"306",324,0,0,16505,3935341,"Libraries:","Libraries:  51/043 Alma Reaves Woods-Watts Library",44.6,6.6,4.1,51.2,119.6,136.1,52.5,139.5,51.1,843405.5,13.64520314
"307",325,0,0,11310,3935342,"Libraries:","Libraries: 51/056 Granada Hill Library",48.3,10.9,5.4,59.2,115.9,177.2,71.7,178.1,69.1,781521,13.5689973
"308",326,0,0,25846,3935343,"Libraries:","Libraries: 51/070 Pico Union Library #72",67.2,1.6,5.5,68.8,189.7,191.3,62.5,197.2,64.4,1664482.4,14.32502476
"309",327,0,0,13740,3935344,"Libraries:","Libraries: 51/027 West Los Angeles Library",37.4,5.1,3.1,42.5,175.2,101.9,39,105.9,38.4,527616,13.17612403
"310",328,0,0,12700,3935345,"Libraries:","Libraries:  51/067 Porter Ranch Library",42.7,10.6,4.3,53.4,396.3,142.1,58,142.8,56.3,715010,13.48005181
"311",329,0,0,10750,3935346,"Libraries:","Libraries: 51/028 Cypress Park Library",56.3,1.5,5.4,57.8,0,188.2,62.1,192.3,62.9,676175,13.4242072
"312",330,0,0,14961,3935347,"Libraries:","Libraries: 51/016 Brentwood Library",45.1,4.7,4.8,49.8,69.3,158.4,58.5,165.8,58.5,875218.5,13.68222885
"313",331,0,0,12650,3935348,"Libraries:","Libraries: 51/030 Ascot Library",51.1,3.7,5.2,54.8,163.9,185.9,65.4,183.2,62.8,794420,13.58536757
"314",332,0,0,12649,3935349,"Libraries:","Libraries: 51/062 Lake View Terrace Library",38.3,6.4,4.2,44.8,99.2,141,53.8,141.5,52.6,665337.4,13.40804956
"315",333,0,0,12006,3935350,"Libraries:","Libraries: 51/038 Mar Vista Library #38",58.9,13.9,6.1,72.8,247,194.5,80.8,200.3,78.3,940069.8,13.75370941
"316",334,0,0,9072,3935351,"Libraries:","Libraries: 51/014 Vermont Square Library",63.5,10.7,8.8,74.2,154,296,110.1,296,110.1,998827.2,13.81433707
"317",335,0,0,10500,3935352,"Libraries:","Libraries: 51/057 Valley Plaza Library",63.2,17.9,7.7,81,0,241.2,98.1,251.3,101.3,1063650,13.87721695
"318",336,0,0,12500,3935353,"Libraries:","Libraries: 51/071 Westwood Library",76,2.1,6.2,78.1,145.1,206.3,67.8,223.3,73.2,915000,13.72667934
"319",337,0,0,12000,3935354,"Libraries:","Libraries: 51/025 Studio City Library",42.2,0,3.7,42.2,142.2,127.4,40.6,132.9,42.3,507600,13.13744901
"320",338,0,0,11615,3935355,"Libraries:","Libraries: 51/010 Wilmington Library",46,0.5,4.3,46.4,386.6,146,47,154.9,49.9,579588.5,13.27007365
"321",339,0,0,17543,3935356,"Libraries:","Libraries: 51/008 Echo Park Library",75.7,3.9,4.7,79.6,108.9,159.3,54.4,166.3,55.9,980653.7,13.79597467
"322",340,0,0,11626,3935357,"Libraries:","Libraries: 51/053 Pacoima Library",69.4,4.4,6.5,73.8,182.2,220.2,76.4,229.9,78.1,907990.6,13.71898931
"323",341,0,0,13035,3935358,"Libraries:","Libraries: 51/051 Sherman Oaks Library",59.7,7.4,5.5,67.1,486.9,182.8,65.8,189.3,67.9,885076.5,13.69342936
"324",342,0,0,12447,3935359,"Libraries:","Libraries: 51/039 Panarama City Library",68.5,6.2,12.2,74.7,183.6,393.1,140.7,426.4,148.4,1847134.8,14.42914624
"325",343,0,0,12500,3935360,"Libraries:","Libraries: 51/054 Sylmar Library",61.2,6.1,5.7,67.3,166.9,189.9,69.3,197.7,69.4,867500,13.67337079
"326",344,0,0,6503,3935361,"Libraries:","Libraries: 51/029 Wilshire Library",26.3,2.6,4.6,28.8,198.4,154.3,54.7,159.9,56.1,364818.3,12.8071547
"327",345,0,0,12596,3935362,"Libraries:","Libraries: 51/061 Fairfax Library",86.2,1.6,7,87.7,98.1,246.2,80.6,252,81.8,1030352.8,13.84541183
"328",346,0,0,19500,3935363,"Libraries:","Libraries: 51/011 Goldwyn Hollywood Library",113.7,6.4,7.7,120.2,213.3,262,89.3,271.5,91.6,1786200,14.39560102
"329",347,0,0,25418,3935364,"Libraries:","Libraries: 51/066 Mid Valley Library",193.7,83.7,10.9,277.4,198.1,337.5,153.6,340.9,149.8,3807616.4,15.15251393
"330",348,0,0,8780,3935365,"Libraries:","Libraries: 51/042 Robertson Library",58.7,3.7,7.1,62.4,14.8,234.2,81.9,250.2,85,746300,13.52288294
"331",349,0,0,13858,3935366,"Libraries:","Libraries: 51/047 Tarzana Library",78,12.5,7.2,90.5,138.4,233.9,87,245.6,90.8,1258306.4,14.04527725
"332",350,0,0,9953,3935367,"Libraries:","Libraries: 51/036 Los Feliz Library",54.8,7.1,6.2,61.9,488.7,208.1,76.4,213.2,76.8,764390.4,13.54683393
"333",351,0,0,14228,3935368,"Libraries:","Libraries: 51/050 West Valley Library",84.6,14.1,7.2,98.7,316.9,236.3,92.2,243,90.2,1283365.6,14.06499656
"334",352,0,0,12500,3935369,"Libraries:","Libraries: 51/69 Edendale Library",64.8,1.7,6.2,66.5,229.1,214.9,70.4,220.2,72.1,901250,13.71153797
"335",353,0,0,12500,3935370,"Libraries:","Libraries: 51/024 Canoga Park Library",68.4,4.3,5.8,72.6,216.2,194.6,67.6,204.7,69.5,868750,13.67481068
"336",354,0,0,12500,3935371,"Libraries:","Libraries: 51/064 Little Tokyo Library",71.2,2,6.1,73.2,151.4,218.5,71.9,218.2,71.6,895000,13.704579
"337",355,0,0,12500,3935372,"Libraries:","Libraries: 51/060 Chatsworth Library",58.7,2.3,4.9,61,142.8,161,54.2,173.6,57.6,720000,13.48700649
"338",356,0,0,9656,3935373,"Libraries:","Libraries: 51/001 Ben Franklin Library",68.6,1.1,7.2,69.7,208.9,249.3,80.9,259.4,84.1,812069.6,13.60734133
"339",357,0,0,10500,3935374,"Libraries:","Libraries: 51/033 Hyde Park Library",50,0.5,4.8,50.5,176.6,163.3,52.5,173.2,55.7,584850,13.27911068
"340",358,0,0,12342,3935375,"Libraries:","Libraries: 51/017 Jefferson Branch Library",32.2,4,4,36.2,109.1,136.1,49.8,138.4,49.6,612163.2,13.32475419
"341",359,0,0,12362,3935376,"Libraries:","Libraries: 51/058 Woodland Hills Library",65.7,1.3,5.4,67,254.5,186.3,60.6,194.4,63.2,781278.4,13.56868683
"342",360,0,0,14338,3935377,"Libraries:","Libraries: 51/065 Platt Library",67.1,10.9,5.4,78,406.8,180.2,67.6,184.4,68.3,979285.4,13.7945784
"343",361,0,0,25846,3935378,"Libraries:","Libraries: 51/072 Silver Lake Library",76.3,7.8,6.1,84,179.7,207.7,75.6,213.1,75,1938450,14.47739924
"344",362,0,0,14214,3935379,"Libraries:","Libraries: 51/68 Harbor Gateway Library",67.7,4.6,5.1,72.3,298.3,169.7,58.1,178.8,61,867054,13.67285654
"345",363,0,0,12912,3935380,"Libraries:","Libraries:  51/002 Lincoln Heights Library",40,0,3.4,40,381.7,119.4,38,123.1,39.2,506150.4,13.13458914
"346",364,0,0,6227,3935381,"Libraries:","Libraries: 51/026 Angeles Mesa Library",24,3.3,5.2,27.3,311.5,170.9,62.4,178,64.7,402886.9,12.90641116
"347",365,0,0,6401,3935383,"Libraries:","Libraries: 51/018 Malabar Library",24.3,0.3,4.1,24.6,360.7,144.7,46.7,147.7,47.6,304687.6,12.62704227
"348",366,0,0,9126,3935384,"Libraries:","Libraries: 51/048 Felipe De Neve Library",44.5,6.5,5.6,51,12,188.5,70.2,190.6,69.6,635169.6,13.36164733
"349",367,0,0,11166,3935386,"Libraries:","Libraries: 51/022 Palms Rancho Park Library",79.7,9.1,8.5,88.8,160.2,279.9,102.9,291.9,103.9,1160147.4,13.96405762
"350",368,0,0,6180,3935387,"Libraries:","Libraries: 51/044 Atwater Village Library",19.5,3.4,3.9,23,75.4,127.8,48.8,131.2,49.1,303438,12.62293259
"351",369,0,0,43904,3935388,"Libraries:","Libraries: 51/101 Library Maintenance Building",20.3,0,0.5,20.3,190.8,16.7,5.3,16.7,5.3,232691.2,12.35746753
"352",370,0,0,14748,3935389,"Libraries:","Libraries: 51/074 Exposition Park Library",122.7,4.9,8.9,127.5,127.1,309.6,103.5,316.5,105,1548540,14.25282311
"353",371,0,0,12247,3935390,"Libraries:","Libraries: 51/041 Washington Irving Library",45.8,9.9,4.5,55.7,275.4,150.8,60,151.2,58.3,714000.1,13.47863838
"354",372,0,0,10325,3935392,"Libraries:","Libraries: 51/004 Vernon Library",50.9,1.8,5.1,52.6,135.6,175.9,58.3,181.7,60,619500,13.33666798
"355",373,0,0,11850,3935393,"Libraries:","Libraries: 51/020 Cahuenga Library #20",51.4,0.2,4.7,51.7,452.6,166.7,53.4,170.6,54.6,647010,13.38011703
"356",374,0,0,10847,3935394,"Libraries:","Libraries: 51/007 Junipero Serra Library",43.1,3.8,4.3,46.9,741.8,0,0,150.7,52.4,568382.8,13.25055041
"357",375,0,0,11062,3935395,"Libraries:","Libraries: 51/049 Memorial Library",48.6,3.3,4.9,51.8,92.9,168.2,58,172.2,58.7,649339.4,13.38371082
"358",376,0,0,13703,3935396,"Libraries:","Libraries: 51/040 Venice-Abbot Kinney Library",42.8,1,4.3,43.8,530,147.4,48.2,153.9,50.2,687890.6,13.44138509
"359",377,0,0,21376,3935397,"Libraries:","Libraries: 51/037 North Hollywood Library",62.3,0,5.1,62.3,0,178,56.7,184.4,58.7,1254771.2,14.0424638
"360",378,0,0,12500,3935398,"Libraries:","Libraries: 51/ 032 Eagle Rock Library",43.9,2.4,3.8,46.3,75.5,130.1,44.2,134.1,45.2,565000,13.24458101
"361",379,0,0,10500,3935399,"Libraries:","Libraries: 51/021 El Sereno Library",39.3,5.4,4.3,44.7,125,141.4,52.4,145.8,52.9,555450,13.22753388
"362",380,0,0,7050,3935400,"Libraries:","Libraries: 51/012 John C Fremont Library",36,1.3,5.3,37.3,277.4,179.5,59.9,188.3,62.3,439215,12.99274432
"363",381,0,0,14000,3935401,"Libraries:","Libraries: 51/005 Arroyo Seco Library",65.3,4.6,6.9,69.9,133.2,231.1,79.2,240.6,82.3,1152200,13.95718372
"364",382,0,0,14500,3935403,"Libraries:","Libraries: 51/063 China Town Library",89,6.6,6.6,95.6,384.9,224.6,78.6,231.1,79.3,1149850,13.95514206
"365",383,0,0,10500,3935404,"Libraries:","Libraries: 51/055 Playa Vista Library",38.4,1.7,3.8,40,332.6,127.7,42.7,135.4,45.1,473550,13.06801278
"366",384,0,0,38949,3935405,"Libraries:","Libraries: 51/003 Pio Pico Koreatown Library",177.2,8.2,9.3,185.4,230.4,317.1,106.1,328.7,109.8,4276600.2,15.26866891
"367",385,0,0,14050,3935406,"Libraries:","Libraries: 51/013 Westchester Loyola Library",52.4,1.8,8.1,54.2,108.5,275.8,92.2,288.9,95.5,1341775,14.10950392
"368",386,0,0,12500,3935407,"Libraries:","Libraries: 51/031 Will and Arial Durant Library",70,1,5.7,71,245.9,192.9,62.9,204.2,66,825000,13.62313867
"369",387,0,0,10500,3935408,"Libraries:","Libraries: 51/035 Sunland-Tujunga Library",37.8,4,4.2,41.8,54.5,138,50,145.4,51.3,538650,13.19682129
"370",388,0,0,5064,3935409,"Libraries:","Libraries: 51/019 R.L Stevenson Library",17.9,0.2,3.6,18.1,63.9,125.2,40.4,128.7,41.5,210156,12.25560539
"371",389,0,0,10730,3935411,"Libraries:","Libraries: 51/015 Palisades Library",60.3,0.9,5.7,61.3,482.3,206,67.2,205.2,66.4,712472,13.47649589
"372",390,0,0,12500,3935412,"Libraries:","Libraries: 51/059 Northridge Library",70.3,25.5,7.7,95.9,359.4,244.4,107.2,244,103.3,1291250,14.0711213
"373",391,0,0,23596,3935413,"Libraries:","Libraries: 51/009 San Pedro Regional Library",82.3,2.5,12.7,84.8,96,418.9,138.1,453.2,149,3515804,15.07277879
"374",392,0,0,9636,3935414,"Libraries:","Libraries: 51/045 Mark Twain Library",44.8,3,5.1,47.8,85.8,164.2,56.2,177.8,60.6,583941.6,13.27755626
"375",393,0,0,48777,3935422,"Cultural","Cultural Affairs: 19/4 Barnsdall Gallery",85.6,27.6,2.3,113.2,520.3,0,0,74.7,30.9,1507209.3,14.22577035
"376",394,0,0,7259,3935423,"Cultural","Cultural Affairs: 19/38 Lankershim Arts Center",26.6,0,3.7,26.6,39.8,123,39.2,132.4,42.2,306329.8,12.63241758
"377",395,0,0,10766,3935425,"Street","Street Maintenance (BSS): 08/041 Granada Hills Street Maintenance Yard",10.7,4.1,1.4,14.8,459.3,0,0,43.6,18.6,200247.6,12.20730988
"378",396,0,0,11311,3935426,"Street","Street Maintenance (BSS): 08/010  N Hollywood Street Maintenance",37.6,8,4,45.6,0,133.5,52.8,134.2,51.6,583647.6,13.27705266
"379",397,0,0,9445,3935428,"Street","Street Maintenance (BSS): 08/018 Reseda / Woodland hills Street Maintenance Yard",9.9,1.4,1.2,11.2,63.4,40.7,14.8,40.7,14.8,139786,11.84786796
"380",398,0,0,31815,3935430,"Police","Police Department: 9/17  Devonshire Police",254,112.1,11.5,366.1,914.2,357.1,163.3,358.6,158.4,5039496,15.43281664
"381",399,0,0,141472,3935431,"Police","Police Department: 9/68   Mid City Police",371.9,61,3.1,433,1241.9,100.8,37.9,103.7,38.4,5432524.8,15.50791456
"382",400,0,0,72665,3935432,"Police","Police Department: 9/12  North Hollywood Police",313.9,98,6.1,411.9,1728.9,194.7,83.5,195.7,80.4,5842266,15.58062929
"383",401,0,0,61569,3935433,"Police","Police Department: 9/27  EVOC",375.8,65.1,7.2,440.9,708.6,239.6,90.4,241.8,90.3,5559680.7,15.53105124
"384",402,0,0,32921,3935434,"Police","Police Department: 9/9  Pacific Area Police",259.1,90,10.6,349.1,739.1,342.9,153.3,338.8,142.2,4681366.2,15.35910055
"385",404,0,0,32250,3935436,"Police","Police Department: 9/4  Hollywood Police",242.6,89.6,12.6,332.3,609.1,399.2,173.6,401.3,170.5,5498625,15.52000862
"386",405,0,0,138825,3935437,"Police","Police Department: 9/90    Rampart Police",330.5,78.3,2.9,408.8,1950.9,97.4,39.1,97.3,38.1,5289232.5,15.48118371
"387",406,0,0,31917,3935438,"Police","Police Department: 9/19  Southeast Police",294.2,98,12.3,392.2,688.1,371.4,156.8,394.3,164,5234388,15.47076049
"388",407,0,0,29070,3935439,"Police","Police Department: 9/8   Southwest Police",380.6,115.1,17.1,495.7,935.4,556.6,233,552.1,225.4,6552378,15.6953386
"389",408,0,0,29505,3935440,"Police","Police Department: 9/10  West LA Police",300.7,72.5,13.3,373.2,272.6,419.1,166,440.4,172.8,5098464,15.44444988
"390",409,0,0,179000,3935441,"Police","Police Department: 9/44 Metro Detention Center MDC",840.2,0,4.8,840.2,1904.2,172.9,55.1,174.7,55.7,9970300,16.11512123
"391",410,0,0,45691,3935443,"Police","Police Department: 9/13 West Valley Police",438.5,111.6,16.6,550.1,2021.1,542,219.6,544.3,215.5,9846410.5,16.10261753
"392",411,0,0,22400,3935444,"Police","Police Department: 9/42  Metro Bomb Squad",112.1,18.6,5.8,130.8,72.6,190.7,71.2,197.6,73.4,1644160,14.31274017
"393",412,0,0,54278,3935445,"Police","Police Department: 9/3  Hollenbeck Police",433.7,41.4,8.8,475.1,1095.4,0,0,304.2,106.5,5780607,15.57001925
"394",413,0,0,49159,3935446,"Police","Police Department: 9/71  Topanga Police",329.4,0,6.7,329.4,718.3,233,74.2,242.5,77.2,3795074.8,15.14921468
"395",414,0,0,66613,3935447,"Police","Police Department: 9/14  Harbor Police",419.4,74.4,7.4,493.7,3806.4,0,0,249.9,93.6,6234976.8,15.64568542
"396",415,0,0,298000,3935448,"Police","Police Department: 9/93  Police Motor transport",379.1,9.2,1.3,388.2,810.1,46.7,15.3,46.6,15.2,4529600,15.32614419
"397",416,0,0,42153,3935449,"Police","Police Department: 9/2 Northeast Police",263.5,21.7,6.8,285.2,573.6,230.7,81,236.4,81.7,3443900.1,15.05211514
"398",417,0,0,39110,3935450,"Police","Police Department: 9/6  Newton Area Police",329.1,81.2,10.5,410.4,1168.4,343,137,345.6,136.1,5322871,15.48752338
"399",419,0,0,30344,3935452,"Police","Police Department: 9/11  Wilshire Police",178.2,38.7,7.1,216.8,2199,236.1,92.6,237.7,91.7,2782544.8,14.83887646
"400",420,0,0,14816,3935453,"Police","Police Department: 9/53 Equestrian Center",25.6,2.7,1.9,28.3,363.4,65.3,23.2,66.1,23.3,345212.8,12.75191632
"401",421,0,0,176336,3935454,"Police","Police Department: 9/26  Recruit Training  Center    ARTC",561.6,87.7,3.7,649.2,2364.9,124.3,46.9,125.1,46.1,8129089.6,15.91095949
"402",422,0,0,47289,3935455,"Animal","Animal Services: 7/8 Northeast Valley Animal Sheter",157.5,0,3.3,157.5,1896.1,116.6,37.1,120.5,38.4,1815897.6,14.41209045
"403",423,0,0,23063,3935457,"Animal","Animal Services: 7/2 West LA Animal Care",128.3,71.3,8.7,199.6,1264.1,260.7,131.2,262.5,122.3,2820604.9,14.85246192
"404",424,0,0,51730,3935458,"Animal","Animal Services: 7/7 East Valley Animal Shelter",156.5,105.8,5.1,262.4,2231,150.9,78,149.9,73.4,3796982,15.1497171
"405",425,0,0,40394,3935459,"Animal","Animal Services: 7/6 West Valley Animal Shelter",174.7,110.7,9.3,285.4,2351,281.4,145.1,278.7,134.2,5420874.8,15.50576776
"406",426,0,0,44500,3935461,"Animal","Animal Services: 7/1 North Central Animal Shelter",111.6,97.3,5.5,208.8,6704.1,163.2,88.9,157.8,82.5,3671250,15.11604276
"407",427,0,0,13784,3935463,"Animal","Animal Services: 7/4 Harbor Animal Care",104.3,47.9,11,152.2,1719.6,348.9,165.1,342.6,152.6,2103438.4,14.5590839
"408",428,0,0,124297,3935464,"Sanitation:","Sanitation: 21/14  East Valley Solid Waste Resources facility",510.8,267.3,7.9,778.1,3558.9,253.9,124.2,242.5,111.4,13846685.8,16.44355647
"409",431,0,0,19573,3935467,"Sanitation:","Sanitation: 21/32  Gaffey St Yard",66,12.5,16.6,78.5,8108.5,0,0,558.6,211,4129903,15.23376448
"410",432,0,0,11267,3935468,"Sanitation:","Sanitation: 20/3   Western District",156.3,30.3,16.6,186.6,578.9,562.3,223.9,555.1,210.5,2371703.5,14.67911903
"411",433,0,0,17787,3935470,"Sanitation:","Sanitation: 21/1  North District Sewer Maintenance Yard",113,28.2,7.9,141.2,496.8,262,107.9,261.2,103.1,1833839.7,14.42192252
"412",434,0,0,25121,3935471,"Sanitation:","Sanitation: 21/36 San Fernando Rd. Consolidated Facility",290.2,160,17.9,450.2,787.9,564.5,272.6,543.9,253.1,6358125.1,15.6652441
"413",440,0,32,16500,3935479,"Municipal:","Municipal: 1/20  West Valley Municipal",53.7,12.7,5.7,66.4,115.8,0,0,187.5,73.3,1209450,14.00567627
"414",448,0,0,34279,3935490,"DOT:","DOT: 63/41 Western Parking Enforcement office",110,39.6,4.4,149.6,275.1,131.4,56.3,139,58.7,2012177.3,14.51472793
"415",449,0,0,20393,3935492,"DOT:","DOT: 63/21 Western District Traffic Yard",26.3,2,1.4,28.3,80.4,0,0,48.6,16.7,340563.1,12.7383557
"416",450,0,0,170562,3935493,"DOT:","DOT: 63/15 Hollywood Area DOT",415.2,126.7,3.2,541.9,856,101.3,41.6,102.8,42,7163604,15.78452376
"417",451,0,0,17466,3935494,"DOT:","DOT: 1/24A Commercial St Traffic Yard",18.3,8.2,1.5,26.5,3,0,0,47.2,20.9,365039.4,12.80776057
"418",453,0,0,40165,3935496,"DOT:","DOT: 63/23 South Area Parking Management",32.1,2.7,5.1,34.8,113.6,171.2,59.5,178.6,61.8,2482197,14.72465461
"419",430,0,0,3723,3935466,"Municipal","City of LA - removed properties: Lopez Canyon Landfill 20/19",75.7,0,20.3,75.7,12601.7,732.9,233.4,736.1,234.4,872671.2,13.67931413
"420",436,0,13,55251,3935474,"Municipal","Municipal: 1/5  Van  Nuys Municipal",302.4,64,9.1,366.5,874.9,300.3,119.3,302.7,116.3,6425691.3,15.67581478
"421",445,0,10,9957,3935487,"Municipal","Municipal: 1/22  Westchester Municipal",42.3,36.8,7.9,79.1,44.2,0,0,226.9,118.6,1180900.2,13.98178759
"422",439,0,45,36162,3935478,"Municipal","Municipal: 1/46  Sawtelle Various City",121.3,0,4.8,121.3,117.4,164.6,52.4,173.9,55.4,2003374.8,14.51034372
"423",438,0,36,53760,3935477,"Municipal","Municipal: 1/8   West L.A. Municipal",112.7,13.3,5.5,126.1,241.1,177.5,63.8,188.5,67.3,3618048,15.10144521
"424",437,0,90,14391,3935476,"Municipal","Municipal: 1/7  Watts Municipal",30.2,4.2,2.4,34.5,38.8,82.8,30.6,81.9,29.8,428851.8,12.96886668
"425",446,0,90,10674,3935488,"Municipal","Municipal: 1/4  Sunland Tujnga Municipal",19.9,8.2,2.6,28.2,0,82,38.6,82.8,36,384264,12.8590851
"426",442,0,44,125179,3935484,"Municipal","Municipal: 1/96  Braude Building",737.8,178.6,7.3,916.4,3098.1,237.9,94.8,241.5,94.8,11866969.2,16.2892694
"427",441,0,91,9639,3935482,"Municipal","Municipal: 1/99  Wilmington Municipal",19.4,1.8,2.2,21.2,41.3,71,25,76.7,26.8,258325.2,12.46197454
"428",447,0,0,14960,3935489,"Municipal","Municipal: 1/19  Constituent Service Ctr So Central",71.6,44.6,11.3,116.2,0,323.2,157.3,338.1,162.1,2425016,14.70134868
"429",444,0,1,25190,3935486,"Municipal","Municipal: 1/13  Hollywood Municipal",148,85.5,14.2,233.5,160.9,415.4,199.2,428,201.4,5073266,15.43949535
"430",443,0,76,92920,3935485,"Municipal","Municipal: 1/3  San Pedro Municipal",306.1,43.7,3.8,349.8,0,122.8,45.6,128.5,46.8,4348656,15.28537739
"431",454,0,0,45789,3935497,"GSD","GSD Facilities: 1/72 North Hollywood Repair facility",370.1,179,20.5,549.1,161.7,630.8,284.4,630.8,284.4,13022391.6,16.38218086
"432",455,0,0,14832,3935498,"GSD","GSD Facilities: 1/17 GSD North District Maintenance  1/17",86.9,24,10.7,110.9,373.9,347.4,146.3,348,139.7,2072030.4,14.54403955
"433",456,0,0,25794,3935499,"GSD","GSD Facilities: 1/111  Standards Test Labs",281.2,38.3,12.4,319.5,325.3,420.2,155.7,423.9,153.6,3961958.4,15.19224901
"434",458,0,0,34424,3935501,"GSD","GSD Facilities: 1/76 Central refuse equipment repair yard",159.8,93.7,7.4,253.5,110.2,229.6,112.2,221.8,104.8,3607635.2,15.09856305
"435",460,0,0,19076,3935503,"GSD","GSD Facilities: 1/47 36th St Building Maintenance  yard",35.5,2.5,7.8,38,184,276.2,95.6,274.9,94.1,1795051.6,14.40054433
"436",461,0,0,40165,3935504,"DOT:","DOT: 1/39 DOT facility",76.5,10.3,2.2,86.9,0,0,0,74,26.8,1076422,13.88915314
"437",462,0,0,6000,3935506,"Residence:","Residence: Getty House (30/3)",16.9,7,4,23.9,555.4,126.3,57.4,124.8,54.4,326400,12.6958789
"438",463,0,0,54000,3976344,"Police","Police Department: 9/41  North Valley Police",475.5,131.7,11.2,607.2,0,358.7,147.6,366.9,147.4,7959600,15.88988931
"439",464,0,0,118664,3991362,"Personnel","Personnel Department: Personnel building #27/8/* City Personnel",630.9,75.7,6,706.7,2731.1,201.2,72.7,205,73.3,8698071.2,15.97861186
"440",465,0,100,20000,3991363,"Personnel","Personnel Department:  Personnel Medical Svc Div  27/02",111.5,36.6,7.4,148.2,113.7,233.7,99.1,238,98.8,1976000,14.49658516
"441",466,0,0,30886,3991364,"Street","Street Lighting (BSL): 12/1  Street Lighting Field HQ",68.8,4.3,2.4,73.1,323.1,81.6,28.1,83.3,28.3,874073.8,13.68092009
"442",467,0,0,17000,3991366,"CDD:","CDD: CDD  47/88",65.1,2.6,4,67.7,649.8,137.8,46.6,141.6,47,799000,13.59111622
"443",468,0,0,30000,4943343,"Animal","Animal Services: 7/9 South LA Animal Shelter  / Chesterfield Square",258,95.3,11.8,353.3,4231.9,390.8,174.9,374.1,158.9,4767000,15.37722773
"444",452,0,0,38810,3935495,"Municipal","City of LA - removed properties: 63/26  Parking Facilities Division",28.2,0,0.7,28.2,1538.5,26.3,8.4,26.3,8.4,326004,12.69466493
"445",225,0,0,38810,3935495,"Municipal","City of LA - removed properties: 63/26  Parking Facilities Division",32.1,0,0.8,32.1,1479.9,30,9.5,30,9.5,368695,12.81772502
"446",418,0,0,21332,3935451,"Municipal","LA Buildings - not tracked: Police #34",36.8,0,1.7,36.8,0,64.8,20.6,62.5,19.9,424506.8,12.9586833
"447",208,0,84,14391,3935476,"Municipal","Municipal: 1/7  Watts Municipal",35.4,3.8,2.7,39.1,155.3,94.8,34,94.1,33.2,477781.2,13.07690817
"448",209,0,27,53760,3935477,"Municipal","Municipal: 1/8   West L.A. Municipal",106.6,47.3,6.7,154,302.3,208.1,92,208.1,92,4945920,15.41407355
"449",207,0,13,55251,3935474,"Municipal","Municipal: 1/5  Van  Nuys Municipal",311.8,40.4,8.7,352.2,730.1,288.5,107.3,299.5,107.9,5961582.9,15.60084659
"450",206,0,26,73815,3935473,"Municipal","Municipal: 1/11   City Hall South",477.5,151.8,8.5,629.3,3862,272.7,114.5,274.7,113.3,8363239.5,15.93935641
"451",214,0,35,125179,3935484,"Municipal","Municipal: 1/96  Braude Building",792.1,215,8,1007,4002.5,0,0,262.9,105.3,13181348.7,16.39431341
